run,source_txt,table_id,table_title,variable_type,variable_value,method,mean_asr,mean_ap50,successful,total
evaluation_results_mw2,evaluation_results_mw2.txt,1,俯仰角 pitch,pitch,pitch5,active,0.2497,0.5905,734,2940
evaluation_results_mw2,evaluation_results_mw2.txt,1,俯仰角 pitch,pitch,pitch10,active,0.2959,0.5139,870,2940
evaluation_results_mw2,evaluation_results_mw2.txt,1,俯仰角 pitch,pitch,pitch20,active,0.549,0.2993,1614,2940
evaluation_results_mw2,evaluation_results_mw2.txt,1,俯仰角 pitch,pitch,pitch30,active,0.7761,0.0905,2184,2814
evaluation_results_mw2,evaluation_results_mw2.txt,1,俯仰角 pitch,pitch,pitch40,active,0.9021,0.0761,2728,3024
evaluation_results_mw2,evaluation_results_mw2.txt,1,俯仰角 pitch,pitch,pitch50,active,0.9673,0.1794,2925,3024
evaluation_results_mw2,evaluation_results_mw2.txt,1,俯仰角 pitch,pitch,pitch60,active,0.9894,0.2181,2992,3024
evaluation_results_mw2,evaluation_results_mw2.txt,1,俯仰角 pitch,pitch,pitch70,active,0.996,0.1488,3012,3024
evaluation_results_mw2,evaluation_results_mw2.txt,1,俯仰角 pitch,pitch,pitch80,active,0.9997,0.0909,3023,3024
evaluation_results_mw2,evaluation_results_mw2.txt,1,俯仰角 pitch,pitch,pitch89,active,0.9997,0.0598,3023,3024
evaluation_results_mw2,evaluation_results_mw2.txt,1,俯仰角 pitch,pitch,pitch5,dta,0.3075,0.543,904,2940
evaluation_results_mw2,evaluation_results_mw2.txt,1,俯仰角 pitch,pitch,pitch10,dta,0.2469,0.557,726,2940
evaluation_results_mw2,evaluation_results_mw2.txt,1,俯仰角 pitch,pitch,pitch20,dta,0.3405,0.4411,1001,2940
evaluation_results_mw2,evaluation_results_mw2.txt,1,俯仰角 pitch,pitch,pitch30,dta,0.5345,0.2993,1504,2814
evaluation_results_mw2,evaluation_results_mw2.txt,1,俯仰角 pitch,pitch,pitch40,dta,0.6981,0.2951,2111,3024
evaluation_results_mw2,evaluation_results_mw2.txt,1,俯仰角 pitch,pitch,pitch50,dta,0.8512,0.4268,2574,3024
evaluation_results_mw2,evaluation_results_mw2.txt,1,俯仰角 pitch,pitch,pitch60,dta,0.9461,0.4032,2861,3024
evaluation_results_mw2,evaluation_results_mw2.txt,1,俯仰角 pitch,pitch,pitch70,dta,0.9841,0.3061,2976,3024
evaluation_results_mw2,evaluation_results_mw2.txt,1,俯仰角 pitch,pitch,pitch80,dta,0.9974,0.2182,3016,3024
evaluation_results_mw2,evaluation_results_mw2.txt,1,俯仰角 pitch,pitch,pitch89,dta,0.999,0.1933,3014,3017
evaluation_results_mw2,evaluation_results_mw2.txt,1,俯仰角 pitch,pitch,pitch5,fca,0.0976,0.7486,287,2940
evaluation_results_mw2,evaluation_results_mw2.txt,1,俯仰角 pitch,pitch,pitch10,fca,0.065,0.7558,191,2940
evaluation_results_mw2,evaluation_results_mw2.txt,1,俯仰角 pitch,pitch,pitch20,fca,0.0949,0.6985,279,2940
evaluation_results_mw2,evaluation_results_mw2.txt,1,俯仰角 pitch,pitch,pitch30,fca,0.2527,0.5606,711,2814
evaluation_results_mw2,evaluation_results_mw2.txt,1,俯仰角 pitch,pitch,pitch40,fca,0.4663,0.5057,1410,3024
evaluation_results_mw2,evaluation_results_mw2.txt,1,俯仰角 pitch,pitch,pitch50,fca,0.671,0.5514,2029,3024
evaluation_results_mw2,evaluation_results_mw2.txt,1,俯仰角 pitch,pitch,pitch60,fca,0.8287,0.4768,2506,3024
evaluation_results_mw2,evaluation_results_mw2.txt,1,俯仰角 pitch,pitch,pitch70,fca,0.9071,0.3961,2743,3024
evaluation_results_mw2,evaluation_results_mw2.txt,1,俯仰角 pitch,pitch,pitch80,fca,0.9692,0.3,2931,3024
evaluation_results_mw2,evaluation_results_mw2.txt,1,俯仰角 pitch,pitch,pitch89,fca,0.9828,0.2346,2972,3024
evaluation_results_mw2,evaluation_results_mw2.txt,1,俯仰角 pitch,pitch,pitch5,ori,0.0476,0.7941,140,2940
evaluation_results_mw2,evaluation_results_mw2.txt,1,俯仰角 pitch,pitch,pitch10,ori,0.0133,0.8037,39,2940
evaluation_results_mw2,evaluation_results_mw2.txt,1,俯仰角 pitch,pitch,pitch20,ori,0.0221,0.7831,65,2940
evaluation_results_mw2,evaluation_results_mw2.txt,1,俯仰角 pitch,pitch,pitch30,ori,0.0576,0.7584,162,2814
evaluation_results_mw2,evaluation_results_mw2.txt,1,俯仰角 pitch,pitch,pitch40,ori,0.1832,0.7572,554,3024
evaluation_results_mw2,evaluation_results_mw2.txt,1,俯仰角 pitch,pitch,pitch50,ori,0.3859,0.7893,1167,3024
evaluation_results_mw2,evaluation_results_mw2.txt,1,俯仰角 pitch,pitch,pitch60,ori,0.6462,0.7034,1954,3024
evaluation_results_mw2,evaluation_results_mw2.txt,1,俯仰角 pitch,pitch,pitch70,ori,0.8476,0.6062,2563,3024
evaluation_results_mw2,evaluation_results_mw2.txt,1,俯仰角 pitch,pitch,pitch80,ori,0.9554,0.4274,2889,3024
evaluation_results_mw2,evaluation_results_mw2.txt,1,俯仰角 pitch,pitch,pitch89,ori,0.9749,0.3395,2948,3024
evaluation_results_mw2,evaluation_results_mw2.txt,1,俯仰角 pitch,pitch,pitch5,rauca,0.4483,0.4565,1318,2940
evaluation_results_mw2,evaluation_results_mw2.txt,1,俯仰角 pitch,pitch,pitch10,rauca,0.451,0.3987,1326,2940
evaluation_results_mw2,evaluation_results_mw2.txt,1,俯仰角 pitch,pitch,pitch20,rauca,0.5983,0.2217,1759,2940
evaluation_results_mw2,evaluation_results_mw2.txt,1,俯仰角 pitch,pitch,pitch30,rauca,0.7559,0.0989,2127,2814
evaluation_results_mw2,evaluation_results_mw2.txt,1,俯仰角 pitch,pitch,pitch40,rauca,0.8505,0.0984,2572,3024
evaluation_results_mw2,evaluation_results_mw2.txt,1,俯仰角 pitch,pitch,pitch50,rauca,0.9315,0.2148,2817,3024
evaluation_results_mw2,evaluation_results_mw2.txt,1,俯仰角 pitch,pitch,pitch60,rauca,0.9716,0.2289,2938,3024
evaluation_results_mw2,evaluation_results_mw2.txt,1,俯仰角 pitch,pitch,pitch70,rauca,0.9871,0.1605,2985,3024
evaluation_results_mw2,evaluation_results_mw2.txt,1,俯仰角 pitch,pitch,pitch80,rauca,0.9954,0.1489,3010,3024
evaluation_results_mw2,evaluation_results_mw2.txt,1,俯仰角 pitch,pitch,pitch89,rauca,0.9974,0.1255,3016,3024
evaluation_results_mw2,evaluation_results_mw2.txt,1,俯仰角 pitch,pitch,pitch5,raucae2e,0.5694,0.36,1674,2940
evaluation_results_mw2,evaluation_results_mw2.txt,1,俯仰角 pitch,pitch,pitch10,raucae2e,0.667,0.1993,1961,2940
evaluation_results_mw2,evaluation_results_mw2.txt,1,俯仰角 pitch,pitch,pitch20,raucae2e,0.835,0.132,2455,2940
evaluation_results_mw2,evaluation_results_mw2.txt,1,俯仰角 pitch,pitch,pitch30,raucae2e,0.9051,0.0245,2547,2814
evaluation_results_mw2,evaluation_results_mw2.txt,1,俯仰角 pitch,pitch,pitch40,raucae2e,0.9537,0.0247,2884,3024
evaluation_results_mw2,evaluation_results_mw2.txt,1,俯仰角 pitch,pitch,pitch50,raucae2e,0.9808,0.0836,2966,3024
evaluation_results_mw2,evaluation_results_mw2.txt,1,俯仰角 pitch,pitch,pitch60,raucae2e,0.994,0.1598,3006,3024
evaluation_results_mw2,evaluation_results_mw2.txt,1,俯仰角 pitch,pitch,pitch70,raucae2e,0.999,0.1493,3021,3024
evaluation_results_mw2,evaluation_results_mw2.txt,1,俯仰角 pitch,pitch,pitch80,raucae2e,1.0,0.0909,3024,3024
evaluation_results_mw2,evaluation_results_mw2.txt,1,俯仰角 pitch,pitch,pitch89,raucae2e,1.0,0.0734,3024,3024
evaluation_results_mw2,evaluation_results_mw2.txt,2,距离 distance,distance,distance5,active,0.781,0.2234,5904,7560
evaluation_results_mw2,evaluation_results_mw2.txt,2,距离 distance,distance,distance10,active,0.7524,0.2251,5688,7560
evaluation_results_mw2,evaluation_results_mw2.txt,2,距离 distance,distance,distance15,active,0.7741,0.2022,5690,7350
evaluation_results_mw2,evaluation_results_mw2.txt,2,距离 distance,distance,distance20,active,0.7968,0.1802,5823,7308
evaluation_results_mw2,evaluation_results_mw2.txt,2,距离 distance,distance,distance5,dta,0.8534,0.1585,6452,7560
evaluation_results_mw2,evaluation_results_mw2.txt,2,距离 distance,distance,distance10,dta,0.6264,0.3347,4731,7553
evaluation_results_mw2,evaluation_results_mw2.txt,2,距离 distance,distance,distance15,dta,0.6223,0.331,4574,7350
evaluation_results_mw2,evaluation_results_mw2.txt,2,距离 distance,distance,distance20,dta,0.6746,0.2779,4930,7308
evaluation_results_mw2,evaluation_results_mw2.txt,2,距离 distance,distance,distance5,fca,0.6353,0.381,4803,7560
evaluation_results_mw2,evaluation_results_mw2.txt,2,距离 distance,distance,distance10,fca,0.5049,0.4616,3817,7560
evaluation_results_mw2,evaluation_results_mw2.txt,2,距离 distance,distance,distance15,fca,0.5061,0.4528,3720,7350
evaluation_results_mw2,evaluation_results_mw2.txt,2,距离 distance,distance,distance20,fca,0.5089,0.4328,3719,7308
evaluation_results_mw2,evaluation_results_mw2.txt,2,距离 distance,distance,distance5,ori,0.4903,0.5304,3707,7560
evaluation_results_mw2,evaluation_results_mw2.txt,2,距离 distance,distance,distance10,ori,0.3996,0.5939,3021,7560
evaluation_results_mw2,evaluation_results_mw2.txt,2,距离 distance,distance,distance15,ori,0.4011,0.5735,2948,7350
evaluation_results_mw2,evaluation_results_mw2.txt,2,距离 distance,distance,distance20,ori,0.3838,0.5489,2805,7308
evaluation_results_mw2,evaluation_results_mw2.txt,2,距离 distance,distance,distance5,rauca,0.8269,0.1581,6251,7560
evaluation_results_mw2,evaluation_results_mw2.txt,2,距离 distance,distance,distance10,rauca,0.7808,0.2023,5903,7560
evaluation_results_mw2,evaluation_results_mw2.txt,2,距离 distance,distance,distance15,rauca,0.7995,0.1798,5876,7350
evaluation_results_mw2,evaluation_results_mw2.txt,2,距离 distance,distance,distance20,rauca,0.7989,0.1881,5838,7308
evaluation_results_mw2,evaluation_results_mw2.txt,2,距离 distance,distance,distance5,raucae2e,0.9038,0.1422,6833,7560
evaluation_results_mw2,evaluation_results_mw2.txt,2,距离 distance,distance,distance10,raucae2e,0.8661,0.0965,6548,7560
evaluation_results_mw2,evaluation_results_mw2.txt,2,距离 distance,distance,distance15,raucae2e,0.8927,0.1244,6561,7350
evaluation_results_mw2,evaluation_results_mw2.txt,2,距离 distance,distance,distance20,raucae2e,0.9059,0.0752,6620,7308
evaluation_results_mw2,evaluation_results_mw2.txt,3,天气 weather,weather,Dark,active,0.8029,0.2002,3985,4963
evaluation_results_mw2,evaluation_results_mw2.txt,3,天气 weather,weather,Foggy,active,0.7874,0.2187,3908,4963
evaluation_results_mw2,evaluation_results_mw2.txt,3,天气 weather,weather,Golden,active,0.8072,0.1905,4006,4963
evaluation_results_mw2,evaluation_results_mw2.txt,3,天气 weather,weather,HardNoon,active,0.7064,0.2446,3506,4963
evaluation_results_mw2,evaluation_results_mw2.txt,3,天气 weather,weather,Normal,active,0.7671,0.2027,3807,4963
evaluation_results_mw2,evaluation_results_mw2.txt,3,天气 weather,weather,Overcast,active,0.7844,0.1897,3893,4963
evaluation_results_mw2,evaluation_results_mw2.txt,3,天气 weather,weather,Dark,dta,0.7502,0.254,3723,4963
evaluation_results_mw2,evaluation_results_mw2.txt,3,天气 weather,weather,Foggy,dta,0.7256,0.2867,3596,4956
evaluation_results_mw2,evaluation_results_mw2.txt,3,天气 weather,weather,Golden,dta,0.7487,0.2491,3716,4963
evaluation_results_mw2,evaluation_results_mw2.txt,3,天气 weather,weather,HardNoon,dta,0.5966,0.3395,2961,4963
evaluation_results_mw2,evaluation_results_mw2.txt,3,天气 weather,weather,Normal,dta,0.6621,0.2924,3286,4963
evaluation_results_mw2,evaluation_results_mw2.txt,3,天气 weather,weather,Overcast,dta,0.6861,0.279,3405,4963
evaluation_results_mw2,evaluation_results_mw2.txt,3,天气 weather,weather,Dark,fca,0.6647,0.3247,3299,4963
evaluation_results_mw2,evaluation_results_mw2.txt,3,天气 weather,weather,Foggy,fca,0.5664,0.426,2811,4963
evaluation_results_mw2,evaluation_results_mw2.txt,3,天气 weather,weather,Golden,fca,0.6087,0.3671,3021,4963
evaluation_results_mw2,evaluation_results_mw2.txt,3,天气 weather,weather,HardNoon,fca,0.4274,0.5191,2121,4963
evaluation_results_mw2,evaluation_results_mw2.txt,3,天气 weather,weather,Normal,fca,0.466,0.4808,2313,4963
evaluation_results_mw2,evaluation_results_mw2.txt,3,天气 weather,weather,Overcast,fca,0.5025,0.4545,2494,4963
evaluation_results_mw2,evaluation_results_mw2.txt,3,天气 weather,weather,Dark,ori,0.4735,0.5286,2350,4963
evaluation_results_mw2,evaluation_results_mw2.txt,3,天气 weather,weather,Foggy,ori,0.4106,0.595,2038,4963
evaluation_results_mw2,evaluation_results_mw2.txt,3,天气 weather,weather,Golden,ori,0.4157,0.5721,2063,4963
evaluation_results_mw2,evaluation_results_mw2.txt,3,天气 weather,weather,HardNoon,ori,0.3996,0.5618,1983,4963
evaluation_results_mw2,evaluation_results_mw2.txt,3,天气 weather,weather,Normal,ori,0.407,0.5582,2020,4963
evaluation_results_mw2,evaluation_results_mw2.txt,3,天气 weather,weather,Overcast,ori,0.4084,0.564,2027,4963
evaluation_results_mw2,evaluation_results_mw2.txt,3,天气 weather,weather,Dark,rauca,0.8547,0.1673,4242,4963
evaluation_results_mw2,evaluation_results_mw2.txt,3,天气 weather,weather,Foggy,rauca,0.8287,0.1939,4113,4963
evaluation_results_mw2,evaluation_results_mw2.txt,3,天气 weather,weather,Golden,rauca,0.8352,0.1764,4145,4963
evaluation_results_mw2,evaluation_results_mw2.txt,3,天气 weather,weather,HardNoon,rauca,0.7139,0.2412,3543,4963
evaluation_results_mw2,evaluation_results_mw2.txt,3,天气 weather,weather,Normal,rauca,0.7776,0.201,3859,4963
evaluation_results_mw2,evaluation_results_mw2.txt,3,天气 weather,weather,Overcast,rauca,0.7991,0.1839,3966,4963
evaluation_results_mw2,evaluation_results_mw2.txt,3,天气 weather,weather,Dark,raucae2e,0.9369,0.0389,4650,4963
evaluation_results_mw2,evaluation_results_mw2.txt,3,天气 weather,weather,Foggy,raucae2e,0.9208,0.0586,4570,4963
evaluation_results_mw2,evaluation_results_mw2.txt,3,天气 weather,weather,Golden,raucae2e,0.9202,0.0653,4567,4963
evaluation_results_mw2,evaluation_results_mw2.txt,3,天气 weather,weather,HardNoon,raucae2e,0.8356,0.1546,4147,4963
evaluation_results_mw2,evaluation_results_mw2.txt,3,天气 weather,weather,Normal,raucae2e,0.865,0.1369,4293,4963
evaluation_results_mw2,evaluation_results_mw2.txt,3,天气 weather,weather,Overcast,raucae2e,0.8735,0.0689,4335,4963
evaluation_results_mw2,evaluation_results_mw2.txt,4,检测器 detector,detector,d-detr,active,0.8425,0.2175,3584,4254
evaluation_results_mw2,evaluation_results_mw2.txt,4,检测器 detector,detector,detr,active,0.8249,0.1313,3509,4254
evaluation_results_mw2,evaluation_results_mw2.txt,4,检测器 detector,detector,faster-rcnn,active,0.8477,0.146,3606,4254
evaluation_results_mw2,evaluation_results_mw2.txt,4,检测器 detector,detector,mask-rcnn,active,0.7811,0.1841,3323,4254
evaluation_results_mw2,evaluation_results_mw2.txt,4,检测器 detector,detector,pvt,active,0.681,0.416,2897,4254
evaluation_results_mw2,evaluation_results_mw2.txt,4,检测器 detector,detector,yolov3,active,0.8181,0.1934,3480,4254
evaluation_results_mw2,evaluation_results_mw2.txt,4,检测器 detector,detector,yolox,active,0.6361,0.3749,2706,4254
evaluation_results_mw2,evaluation_results_mw2.txt,4,检测器 detector,detector,d-detr,dta,0.7621,0.2924,3241,4253
evaluation_results_mw2,evaluation_results_mw2.txt,4,检测器 detector,detector,detr,dta,0.8608,0.1191,3661,4253
evaluation_results_mw2,evaluation_results_mw2.txt,4,检测器 detector,detector,faster-rcnn,dta,0.751,0.2292,3194,4253
evaluation_results_mw2,evaluation_results_mw2.txt,4,检测器 detector,detector,mask-rcnn,dta,0.6617,0.3143,2814,4253
evaluation_results_mw2,evaluation_results_mw2.txt,4,检测器 detector,detector,pvt,dta,0.5638,0.56,2398,4253
evaluation_results_mw2,evaluation_results_mw2.txt,4,检测器 detector,detector,yolov3,dta,0.6694,0.3462,2847,4253
evaluation_results_mw2,evaluation_results_mw2.txt,4,检测器 detector,detector,yolox,dta,0.5953,0.4069,2532,4253
evaluation_results_mw2,evaluation_results_mw2.txt,4,检测器 detector,detector,d-detr,fca,0.669,0.407,2846,4254
evaluation_results_mw2,evaluation_results_mw2.txt,4,检测器 detector,detector,detr,fca,0.6392,0.3288,2719,4254
evaluation_results_mw2,evaluation_results_mw2.txt,4,检测器 detector,detector,faster-rcnn,fca,0.6422,0.3511,2732,4254
evaluation_results_mw2,evaluation_results_mw2.txt,4,检测器 detector,detector,mask-rcnn,fca,0.5877,0.4035,2500,4254
evaluation_results_mw2,evaluation_results_mw2.txt,4,检测器 detector,detector,pvt,fca,0.3789,0.6875,1612,4254
evaluation_results_mw2,evaluation_results_mw2.txt,4,检测器 detector,detector,yolov3,fca,0.5155,0.4982,2193,4254
evaluation_results_mw2,evaluation_results_mw2.txt,4,检测器 detector,detector,yolox,fca,0.3425,0.655,1457,4254
evaluation_results_mw2,evaluation_results_mw2.txt,4,检测器 detector,detector,d-detr,ori,0.4899,0.5877,2084,4254
evaluation_results_mw2,evaluation_results_mw2.txt,4,检测器 detector,detector,detr,ori,0.4784,0.5065,2035,4254
evaluation_results_mw2,evaluation_results_mw2.txt,4,检测器 detector,detector,faster-rcnn,ori,0.4572,0.5712,1945,4254
evaluation_results_mw2,evaluation_results_mw2.txt,4,检测器 detector,detector,mask-rcnn,ori,0.4133,0.627,1758,4254
evaluation_results_mw2,evaluation_results_mw2.txt,4,检测器 detector,detector,pvt,ori,0.3571,0.7312,1519,4254
evaluation_results_mw2,evaluation_results_mw2.txt,4,检测器 detector,detector,yolov3,ori,0.4803,0.5251,2043,4254
evaluation_results_mw2,evaluation_results_mw2.txt,4,检测器 detector,detector,yolox,ori,0.2579,0.7395,1097,4254
evaluation_results_mw2,evaluation_results_mw2.txt,4,检测器 detector,detector,d-detr,rauca,0.9523,0.1059,4051,4254
evaluation_results_mw2,evaluation_results_mw2.txt,4,检测器 detector,detector,detr,rauca,0.9203,0.0945,3915,4254
evaluation_results_mw2,evaluation_results_mw2.txt,4,检测器 detector,detector,faster-rcnn,rauca,0.8865,0.1474,3771,4254
evaluation_results_mw2,evaluation_results_mw2.txt,4,检测器 detector,detector,mask-rcnn,rauca,0.822,0.1725,3497,4254
evaluation_results_mw2,evaluation_results_mw2.txt,4,检测器 detector,detector,pvt,rauca,0.5853,0.5081,2490,4254
evaluation_results_mw2,evaluation_results_mw2.txt,4,检测器 detector,detector,yolov3,rauca,0.8108,0.1869,3449,4254
evaluation_results_mw2,evaluation_results_mw2.txt,4,检测器 detector,detector,yolox,rauca,0.6335,0.3643,2695,4254
evaluation_results_mw2,evaluation_results_mw2.txt,4,检测器 detector,detector,d-detr,raucae2e,0.9756,0.0389,4150,4254
evaluation_results_mw2,evaluation_results_mw2.txt,4,检测器 detector,detector,detr,raucae2e,0.9473,0.092,4030,4254
evaluation_results_mw2,evaluation_results_mw2.txt,4,检测器 detector,detector,faster-rcnn,raucae2e,0.9389,0.0256,3994,4254
evaluation_results_mw2,evaluation_results_mw2.txt,4,检测器 detector,detector,mask-rcnn,raucae2e,0.8773,0.1305,3732,4254
evaluation_results_mw2,evaluation_results_mw2.txt,4,检测器 detector,detector,pvt,raucae2e,0.7191,0.4041,3059,4254
evaluation_results_mw2,evaluation_results_mw2.txt,4,检测器 detector,detector,yolov3,raucae2e,0.9177,0.1121,3904,4254
evaluation_results_mw2,evaluation_results_mw2.txt,4,检测器 detector,detector,yolox,raucae2e,0.8681,0.1303,3693,4254
evaluation_results_rpga2,evaluation_results_rpga2.txt,1,俯仰角 pitch,pitch,pitch5,1220_195003_Beijing,0.6697,0.2734,1744,2604
evaluation_results_rpga2,evaluation_results_rpga2.txt,1,俯仰角 pitch,pitch,pitch10,1220_195003_Beijing,0.7377,0.1464,1921,2604
evaluation_results_rpga2,evaluation_results_rpga2.txt,1,俯仰角 pitch,pitch,pitch20,1220_195003_Beijing,0.8533,0.0688,2437,2856
evaluation_results_rpga2,evaluation_results_rpga2.txt,1,俯仰角 pitch,pitch,pitch30,1220_195003_Beijing,0.9517,0.0143,2678,2814
evaluation_results_rpga2,evaluation_results_rpga2.txt,1,俯仰角 pitch,pitch,pitch40,1220_195003_Beijing,0.9752,0.0176,2949,3024
evaluation_results_rpga2,evaluation_results_rpga2.txt,1,俯仰角 pitch,pitch,pitch50,1220_195003_Beijing,0.9934,0.0594,3004,3024
evaluation_results_rpga2,evaluation_results_rpga2.txt,1,俯仰角 pitch,pitch,pitch60,1220_195003_Beijing,0.998,0.1429,3018,3024
evaluation_results_rpga2,evaluation_results_rpga2.txt,1,俯仰角 pitch,pitch,pitch70,1220_195003_Beijing,0.9993,0.1256,3022,3024
evaluation_results_rpga2,evaluation_results_rpga2.txt,1,俯仰角 pitch,pitch,pitch80,1220_195003_Beijing,1.0,0.0909,3024,3024
evaluation_results_rpga2,evaluation_results_rpga2.txt,1,俯仰角 pitch,pitch,pitch89,1220_195003_Beijing,1.0,0.0586,3024,3024
evaluation_results_rpga2,evaluation_results_rpga2.txt,2,距离 distance,distance,distance5,1220_195003_Beijing,0.9274,0.0584,6855,7392
evaluation_results_rpga2,evaluation_results_rpga2.txt,2,距离 distance,distance,distance10,1220_195003_Beijing,0.9313,0.0366,6884,7392
evaluation_results_rpga2,evaluation_results_rpga2.txt,2,距离 distance,distance,distance15,1220_195003_Beijing,0.9205,0.1184,6611,7182
evaluation_results_rpga2,evaluation_results_rpga2.txt,2,距离 distance,distance,distance20,1220_195003_Beijing,0.9171,0.1181,6471,7056
evaluation_results_rpga2,evaluation_results_rpga2.txt,3,天气 weather,weather,Dark,1220_195003_Beijing,0.9216,0.1246,4458,4837
evaluation_results_rpga2,evaluation_results_rpga2.txt,3,天气 weather,weather,Foggy,1220_195003_Beijing,0.9574,0.0327,4631,4837
evaluation_results_rpga2,evaluation_results_rpga2.txt,3,天气 weather,weather,Golden,1220_195003_Beijing,0.9235,0.05,4467,4837
evaluation_results_rpga2,evaluation_results_rpga2.txt,3,天气 weather,weather,HardNoon,1220_195003_Beijing,0.9001,0.0478,4354,4837
evaluation_results_rpga2,evaluation_results_rpga2.txt,3,天气 weather,weather,Normal,1220_195003_Beijing,0.9233,0.0401,4466,4837
evaluation_results_rpga2,evaluation_results_rpga2.txt,3,天气 weather,weather,Overcast,1220_195003_Beijing,0.919,0.0451,4445,4837
evaluation_results_rpga2,evaluation_results_rpga2.txt,4,检测器 detector,detector,d-detr,1220_195003_Beijing,0.9894,0.037,4102,4146
evaluation_results_rpga2,evaluation_results_rpga2.txt,4,检测器 detector,detector,detr,1220_195003_Beijing,0.951,0.0918,3943,4146
evaluation_results_rpga2,evaluation_results_rpga2.txt,4,检测器 detector,detector,faster-rcnn,1220_195003_Beijing,0.9426,0.0397,3908,4146
evaluation_results_rpga2,evaluation_results_rpga2.txt,4,检测器 detector,detector,mask-rcnn,1220_195003_Beijing,0.8743,0.0682,3625,4146
evaluation_results_rpga2,evaluation_results_rpga2.txt,4,检测器 detector,detector,pvt,1220_195003_Beijing,0.8164,0.2762,3385,4146
evaluation_results_rpga2,evaluation_results_rpga2.txt,4,检测器 detector,detector,yolov3,1220_195003_Beijing,0.925,0.0508,3835,4146
evaluation_results_rpga2,evaluation_results_rpga2.txt,4,检测器 detector,detector,yolox,1220_195003_Beijing,0.9703,0.0976,4023,4146
evaluation_results_mw3,evaluation_results_mw3.txt,1,俯仰角 pitch,pitch,pitch5,das,0.0711,0.7775,209,2940
evaluation_results_mw3,evaluation_results_mw3.txt,1,俯仰角 pitch,pitch,pitch10,das,0.0384,0.7899,113,2940
evaluation_results_mw3,evaluation_results_mw3.txt,1,俯仰角 pitch,pitch,pitch20,das,0.0221,0.7675,65,2940
evaluation_results_mw3,evaluation_results_mw3.txt,1,俯仰角 pitch,pitch,pitch30,das,0.0768,0.7382,216,2814
evaluation_results_mw3,evaluation_results_mw3.txt,1,俯仰角 pitch,pitch,pitch40,das,0.1991,0.7488,602,3024
evaluation_results_mw3,evaluation_results_mw3.txt,1,俯仰角 pitch,pitch,pitch50,das,0.3479,0.8076,1052,3024
evaluation_results_mw3,evaluation_results_mw3.txt,1,俯仰角 pitch,pitch,pitch60,das,0.5853,0.7437,1770,3024
evaluation_results_mw3,evaluation_results_mw3.txt,1,俯仰角 pitch,pitch,pitch70,das,0.79,0.599,2389,3024
evaluation_results_mw3,evaluation_results_mw3.txt,1,俯仰角 pitch,pitch,pitch80,das,0.9517,0.4059,2878,3024
evaluation_results_mw3,evaluation_results_mw3.txt,1,俯仰角 pitch,pitch,pitch89,das,0.9821,0.3142,2970,3024
evaluation_results_mw3,evaluation_results_mw3.txt,1,俯仰角 pitch,pitch,pitch5,gcac,0.5007,0.4123,1472,2940
evaluation_results_mw3,evaluation_results_mw3.txt,1,俯仰角 pitch,pitch,pitch10,gcac,0.5922,0.2548,1741,2940
evaluation_results_mw3,evaluation_results_mw3.txt,1,俯仰角 pitch,pitch,pitch20,gcac,0.7194,0.1344,2115,2940
evaluation_results_mw3,evaluation_results_mw3.txt,1,俯仰角 pitch,pitch,pitch30,gcac,0.834,0.0596,2347,2814
evaluation_results_mw3,evaluation_results_mw3.txt,1,俯仰角 pitch,pitch,pitch40,gcac,0.9306,0.0557,2814,3024
evaluation_results_mw3,evaluation_results_mw3.txt,1,俯仰角 pitch,pitch,pitch50,gcac,0.9815,0.1499,2968,3024
evaluation_results_mw3,evaluation_results_mw3.txt,1,俯仰角 pitch,pitch,pitch60,gcac,0.9894,0.2296,2992,3024
evaluation_results_mw3,evaluation_results_mw3.txt,1,俯仰角 pitch,pitch,pitch70,gcac,0.994,0.2155,3006,3024
evaluation_results_mw3,evaluation_results_mw3.txt,1,俯仰角 pitch,pitch,pitch80,gcac,0.9983,0.1556,3019,3024
evaluation_results_mw3,evaluation_results_mw3.txt,1,俯仰角 pitch,pitch,pitch89,gcac,0.9997,0.1143,3023,3024
evaluation_results_mw3,evaluation_results_mw3.txt,1,俯仰角 pitch,pitch,pitch5,grac,0.435,0.4737,1279,2940
evaluation_results_mw3,evaluation_results_mw3.txt,1,俯仰角 pitch,pitch,pitch10,grac,0.4745,0.3821,1395,2940
evaluation_results_mw3,evaluation_results_mw3.txt,1,俯仰角 pitch,pitch,pitch20,grac,0.631,0.2547,1855,2940
evaluation_results_mw3,evaluation_results_mw3.txt,1,俯仰角 pitch,pitch,pitch30,grac,0.7754,0.154,2182,2814
evaluation_results_mw3,evaluation_results_mw3.txt,1,俯仰角 pitch,pitch,pitch40,grac,0.8694,0.0788,2629,3024
evaluation_results_mw3,evaluation_results_mw3.txt,1,俯仰角 pitch,pitch,pitch50,grac,0.9537,0.2076,2884,3024
evaluation_results_mw3,evaluation_results_mw3.txt,1,俯仰角 pitch,pitch,pitch60,grac,0.9812,0.2396,2967,3024
evaluation_results_mw3,evaluation_results_mw3.txt,1,俯仰角 pitch,pitch,pitch70,grac,0.9851,0.2251,2979,3024
evaluation_results_mw3,evaluation_results_mw3.txt,1,俯仰角 pitch,pitch,pitch80,grac,0.9914,0.169,2998,3024
evaluation_results_mw3,evaluation_results_mw3.txt,1,俯仰角 pitch,pitch,pitch89,grac,0.9967,0.1581,3014,3024
evaluation_results_mw3,evaluation_results_mw3.txt,2,距离 distance,distance,distance5,das,0.5146,0.5125,3890,7560
evaluation_results_mw3,evaluation_results_mw3.txt,2,距离 distance,distance,distance10,das,0.3902,0.5991,2950,7560
evaluation_results_mw3,evaluation_results_mw3.txt,2,距离 distance,distance,distance15,das,0.3797,0.5839,2791,7350
evaluation_results_mw3,evaluation_results_mw3.txt,2,距离 distance,distance,distance20,das,0.3603,0.5689,2633,7308
evaluation_results_mw3,evaluation_results_mw3.txt,2,距离 distance,distance,distance5,gcac,0.8378,0.1492,6334,7560
evaluation_results_mw3,evaluation_results_mw3.txt,2,距离 distance,distance,distance10,gcac,0.8317,0.1714,6288,7560
evaluation_results_mw3,evaluation_results_mw3.txt,2,距离 distance,distance,distance15,gcac,0.8657,0.1397,6363,7350
evaluation_results_mw3,evaluation_results_mw3.txt,2,距离 distance,distance,distance20,gcac,0.8911,0.0717,6512,7308
evaluation_results_mw3,evaluation_results_mw3.txt,2,距离 distance,distance,distance5,grac,0.8589,0.1901,6493,7560
evaluation_results_mw3,evaluation_results_mw3.txt,2,距离 distance,distance,distance10,grac,0.7956,0.1923,6015,7560
evaluation_results_mw3,evaluation_results_mw3.txt,2,距离 distance,distance,distance15,grac,0.8129,0.1758,5975,7350
evaluation_results_mw3,evaluation_results_mw3.txt,2,距离 distance,distance,distance20,grac,0.7798,0.2072,5699,7308
evaluation_results_mw3,evaluation_results_mw3.txt,3,天气 weather,weather,Dark,das,0.459,0.5378,2278,4963
evaluation_results_mw3,evaluation_results_mw3.txt,3,天气 weather,weather,Foggy,das,0.4213,0.5817,2091,4963
evaluation_results_mw3,evaluation_results_mw3.txt,3,天气 weather,weather,Golden,das,0.4173,0.5626,2071,4963
evaluation_results_mw3,evaluation_results_mw3.txt,3,天气 weather,weather,HardNoon,das,0.374,0.5822,1856,4963
evaluation_results_mw3,evaluation_results_mw3.txt,3,天气 weather,weather,Normal,das,0.3973,0.5578,1972,4963
evaluation_results_mw3,evaluation_results_mw3.txt,3,天气 weather,weather,Overcast,das,0.4022,0.5613,1996,4963
evaluation_results_mw3,evaluation_results_mw3.txt,3,天气 weather,weather,Dark,gcac,0.9281,0.047,4606,4963
evaluation_results_mw3,evaluation_results_mw3.txt,3,天气 weather,weather,Foggy,gcac,0.8759,0.1168,4347,4963
evaluation_results_mw3,evaluation_results_mw3.txt,3,天气 weather,weather,Golden,gcac,0.8978,0.0685,4456,4963
evaluation_results_mw3,evaluation_results_mw3.txt,3,天气 weather,weather,HardNoon,gcac,0.7661,0.2098,3802,4963
evaluation_results_mw3,evaluation_results_mw3.txt,3,天气 weather,weather,Normal,gcac,0.8261,0.1697,4100,4963
evaluation_results_mw3,evaluation_results_mw3.txt,3,天气 weather,weather,Overcast,gcac,0.8434,0.1634,4186,4963
evaluation_results_mw3,evaluation_results_mw3.txt,3,天气 weather,weather,Dark,grac,0.8892,0.1419,4413,4963
evaluation_results_mw3,evaluation_results_mw3.txt,3,天气 weather,weather,Foggy,grac,0.8414,0.1834,4176,4963
evaluation_results_mw3,evaluation_results_mw3.txt,3,天气 weather,weather,Golden,grac,0.8642,0.1579,4289,4963
evaluation_results_mw3,evaluation_results_mw3.txt,3,天气 weather,weather,HardNoon,grac,0.703,0.2552,3489,4963
evaluation_results_mw3,evaluation_results_mw3.txt,3,天气 weather,weather,Normal,grac,0.7737,0.2079,3840,4963
evaluation_results_mw3,evaluation_results_mw3.txt,3,天气 weather,weather,Overcast,grac,0.8009,0.1505,3975,4963
evaluation_results_mw3,evaluation_results_mw3.txt,4,检测器 detector,detector,d-detr,das,0.5362,0.5692,2281,4254
evaluation_results_mw3,evaluation_results_mw3.txt,4,检测器 detector,detector,detr,das,0.4502,0.5082,1915,4254
evaluation_results_mw3,evaluation_results_mw3.txt,4,检测器 detector,detector,faster-rcnn,das,0.4577,0.566,1947,4254
evaluation_results_mw3,evaluation_results_mw3.txt,4,检测器 detector,detector,mask-rcnn,das,0.4017,0.6184,1709,4254
evaluation_results_mw3,evaluation_results_mw3.txt,4,检测器 detector,detector,pvt,das,0.295,0.7724,1255,4254
evaluation_results_mw3,evaluation_results_mw3.txt,4,检测器 detector,detector,yolov3,das,0.4629,0.5527,1969,4254
evaluation_results_mw3,evaluation_results_mw3.txt,4,检测器 detector,detector,yolox,das,0.2793,0.7194,1188,4254
evaluation_results_mw3,evaluation_results_mw3.txt,4,检测器 detector,detector,d-detr,gcac,0.9525,0.0949,4052,4254
evaluation_results_mw3,evaluation_results_mw3.txt,4,检测器 detector,detector,detr,gcac,0.9344,0.0927,3975,4254
evaluation_results_mw3,evaluation_results_mw3.txt,4,检测器 detector,detector,faster-rcnn,gcac,0.9102,0.1216,3872,4254
evaluation_results_mw3,evaluation_results_mw3.txt,4,检测器 detector,detector,mask-rcnn,gcac,0.8272,0.1614,3519,4254
evaluation_results_mw3,evaluation_results_mw3.txt,4,检测器 detector,detector,pvt,gcac,0.7673,0.3556,3264,4254
evaluation_results_mw3,evaluation_results_mw3.txt,4,检测器 detector,detector,yolov3,gcac,0.9053,0.1207,3851,4254
evaluation_results_mw3,evaluation_results_mw3.txt,4,检测器 detector,detector,yolox,gcac,0.6968,0.3084,2964,4254
evaluation_results_mw3,evaluation_results_mw3.txt,4,检测器 detector,detector,d-detr,grac,0.9452,0.1052,4021,4254
evaluation_results_mw3,evaluation_results_mw3.txt,4,检测器 detector,detector,detr,grac,0.898,0.1022,3820,4254
evaluation_results_mw3,evaluation_results_mw3.txt,4,检测器 detector,detector,faster-rcnn,grac,0.8655,0.1389,3682,4254
evaluation_results_mw3,evaluation_results_mw3.txt,4,检测器 detector,detector,mask-rcnn,grac,0.7967,0.1888,3389,4254
evaluation_results_mw3,evaluation_results_mw3.txt,4,检测器 detector,detector,pvt,grac,0.674,0.4563,2867,4254
evaluation_results_mw3,evaluation_results_mw3.txt,4,检测器 detector,detector,yolov3,grac,0.8648,0.1515,3679,4254
evaluation_results_mw3,evaluation_results_mw3.txt,4,检测器 detector,detector,yolox,grac,0.6403,0.3695,2724,4254
